year,yr,month,allitems,food_non_alcoholic,beverages,clothing,utilities,furnishing,health,transport,communication,recreation,education,restaurant,miscellaneous,CPI excluding unprocessed food and petrol,food,bread &cereals,Meat,fish,dairy,oils_fats,fruits,vegetables,sugar,Food products n.e.c.,location,treatment,offexch,paraexch,goprice_usd,pprice
Apr-07,2007,4,53.49,48.1,67.27,0,65.75,53.05,0,57.95,0,65.89,0,73.9,68.92,75.09,45.75,53.71,61.91,58.8,51.92,50,35.93,32.59,48.74,71.76,Juba,yes,2.95,,65.06,
May-07,2007,5,56.45,50.99,67.27,0,73.23,53.69,0,57.95,0,65.89,0,73.71,68.92,77.1,48.9,55.32,61.23,56.49,51.92,50,41,39.35,51.26,75.32,Juba,yes,2.95,,65.16,
Jun-07,2007,6,56.2,51.33,67.54,0,65.93,66.01,0,57.95,0,57.94,0,78.4,70.64,77.95,49.1,59.62,62.85,63.18,53.1,50,38.75,35.57,50.29,75.81,Juba,yes,2.95,,68.19,
Jul-07,2007,7,57.87,51.19,67.54,0,76.79,60.04,0,44.04,0,59.53,0,69.55,90.83,78.88,48.99,58.87,60.83,65.37,52.25,50,44,33.83,50.25,75.46,Juba,yes,2.95,,73.6,
Aug-07,2007,8,58.87,53.22,66.56,0,77.31,68.6,0,42.05,0,59.53,0,75.87,79.69,80.48,51.14,62.65,64.4,65.6,56.05,50,46.52,34.39,51,76.34,Juba,yes,2.95,,70.13,
Sep-07,2007,9,62.16,55.65,81.9,0,87.36,61.51,0,46.03,0,59.53,0,74.52,77.91,86.09,53.55,67.19,70.63,87.7,57.02,75,41.28,33.77,47.85,80.16,Juba,yes,2.95,,76.76,
Oct-07,2007,10,65.5,61.42,77.87,0,78.99,62.04,0,46.03,0,59.53,0,72.27,88.91,83.87,59.58,64.6,66.69,76.95,59.09,65.63,47.1,56.31,53.07,78.19,Juba,yes,2.95,,81.97,
Nov-07,2007,11,65.53,60.36,70.74,0,89.98,62.38,0,43.64,0,62.71,0,74.64,81.53,84.54,58.51,67.75,69.71,72.95,53.81,53.13,60.92,46.04,50.71,75.23,Juba,yes,2.95,,91.34,
Dec-07,2007,12,62.93,59.3,65.63,0,74.29,67.53,0,46.03,0,65.89,0,73.6,83.21,81.99,57.33,68.05,61.49,72.36,53.13,59.38,46.11,49.39,50.25,104.05,Juba,yes,2.95,,89.52,
Jan-08,2008,1,71.16,69.46,67.33,0,76.46,63.82,0,72.17,0,59.53,0,77.48,82.33,86.53,67.89,83.77,72.97,91.64,64.74,59.38,55.22,58.48,48.72,101.23,Juba,yes,2.95,3.58,90.69,
Feb-08,2008,2,65.56,62.27,67.47,0,71.94,65.49,0,76.15,0,59.53,0,78.43,76.45,85.36,60.44,70.63,67.12,78.73,60.24,43.75,47.82,53.83,51.19,104.9,Juba,yes,2.95,3.65,93.39,
Mar-08,2008,3,65.44,61.22,68.84,0,79.3,69.49,0,76.15,0,59.53,0,77.44,68.14,86.71,59.32,67.69,74.28,72.86,68.25,62.5,51.76,46.05,51,104.49,Juba,yes,2.95,3.72,101.84,
Apr-08,2008,4,67.26,62.47,65.91,0,77.14,67.94,0,76.15,0,59.53,0,74.26,91.5,86.77,60.62,70.07,74.24,76.35,64.16,59.38,53.55,48.63,49.08,105.7,Juba,yes,2.95,3.79,108.76,
May-08,2008,5,69.77,64.65,70.18,0,82.59,69.28,0,80.12,0,59.53,0,74.93,90.89,87.99,62.86,72.88,75,71.93,62.81,68.75,55.87,51.12,54.79,109.01,Juba,yes,2.95,3.87,122.63,
Jun-08,2008,6,69.12,64.33,67.96,0,78.3,70.82,0,80.12,0,59.53,0,73.83,93.85,88.96,62.53,75.4,73.24,79.73,65.89,75,55.1,43.64,64.68,109.22,Juba,yes,2.95,3.94,131.52,
Jul-08,2008,7,72.39,68.35,67.96,0,81.34,69.64,0,80.12,0,59.53,0,73.83,96.57,89.72,66.68,82.95,73.43,76.76,68.48,75,61.64,49.09,59.04,107.87,Juba,yes,2.95,4.01,132.83,
Aug-08,2008,8,72.26,66.72,68.1,0,84.56,70.02,0,80.12,0,59.53,0,76.35,104.47,91.77,64.93,88.19,70.31,70.21,72.48,75,53.46,41.56,60.86,128.51,Juba,yes,2.95,4.08,114.57,
Sep-08,2008,9,72.35,68.67,68.58,0,77.87,73.36,0,76.15,0,79.77,0,79.45,96.72,91.26,66.76,88.31,71.14,69.98,68.97,75,56.91,48.25,59.04,107.94,Juba,yes,2.95,4.15,99.66,
Oct-08,2008,10,72.21,67.44,70.59,0,79.24,73.86,0,86.09,0,80.59,0,80.39,96.49,91.5,65.75,88.94,74.54,72.47,68.26,75,48.34,46.78,58.17,117.82,Juba,yes,2.95,4.22,72.69,
Nov-08,2008,11,71.53,67.55,69.59,0,77.37,68.9,0,80.12,0,82.94,0,80.44,94.94,87.81,65.78,77.48,70.49,83.42,69.17,78.25,61.66,50.54,54.85,122.76,Juba,yes,2.95,4.29,53.97,
Dec-08,2008,12,70.97,66.38,84.98,0,78.93,74.15,0,76.15,0,81.36,0,79.85,88.37,88.05,64.58,74.4,72.25,47.28,67.28,75,56.55,59.5,50.73,103.33,Juba,yes,2.95,4.36,41.34,
Jan-09,2009,1,75.61,73.99,69,0,79.58,71.78,0,72.17,0,79.77,0,76.51,91.63,90.05,72.43,92.81,70.54,70.62,71.57,71.88,54.99,64.01,56.23,127.69,Juba,yes,2.95,4.44,43.86,
Feb-09,2009,2,69.61,66.32,68.58,0,74.56,71.89,0,70.98,0,86.12,0,80.71,88.44,92.44,64.52,88.65,72.47,74.68,67.21,75,45.31,45.21,55.79,119.04,Juba,yes,2.95,4.51,41.84,
Mar-09,2009,3,71.17,68.27,67.82,0,77.17,70.15,0,72.17,0,79.77,0,84.36,86.73,89.21,66.52,83.59,75.44,83.5,70.58,72,51.59,49.88,60.16,122.28,Juba,yes,2.95,4.58,46.65,
Apr-09,2009,4,73.22,68,68.58,0,88.13,75.44,0,83.66,0,79.77,0,80.89,89.66,95.07,66.23,90.74,67.55,74.65,70.02,65.75,48.64,45.32,71.69,123.3,Juba,yes,2.95,4.65,50.28,
May-09,2009,5,72.58,66.35,73.35,0,85.81,75.21,0,86.04,0,79.77,0,82.45,97.9,92.93,64.54,77.64,76.56,95.1,67.54,72,58.74,42.17,63.6,137.74,Juba,yes,2.95,4.72,58.15,
Jun-09,2009,6,73.73,68.43,72.54,0,90.56,73.82,0,71.62,0,79.77,0,87.7,93.06,94.46,66.69,88.07,72.04,98.53,68.34,62.5,58.44,43.86,58.05,117.2,Juba,yes,2.95,4.79,69.15,
Jul-09,2009,7,72.47,67.14,68.23,0,87.81,74.08,0,71.62,0,79.77,0,94.23,92.77,92.28,65.35,88.15,72.04,84.4,68.34,62.5,56.78,42.3,56.95,119.74,Juba,yes,2.95,4.86,64.67,
Aug-09,2009,8,72.65,67.87,67.96,0,85.06,74.76,0,71.62,0,79.77,0,98.85,92.11,89.96,66.1,89.41,72.04,83.94,68.34,62.5,54.44,44.22,58.22,127.69,Juba,yes,2.95,4.93,71.63,
Sep-09,2009,9,73.44,68.48,68.58,0,81.04,76.58,0,78.77,0,100,0,85.62,102.35,89.81,67.25,85.4,71.69,77.21,72.11,75,61.14,45.63,67.53,126.76,Juba,yes,2.95,5.01,68.35,
Oct-09,2009,10,77.14,72.68,85.26,0,84.33,84.08,0,72.97,0,100,0,86.07,101.14,93.56,71.41,90.9,71.91,82.28,73.14,68.75,53.88,57.15,71.32,124.01,Juba,yes,2.95,5.08,74.08,
Nov-09,2009,11,77.91,74.66,68.23,0,81.58,83.44,0,82.91,0,100,0,84.36,100.19,91.26,73.76,87.41,71.91,76.98,70.58,62.5,85.38,53.08,82.47,121.45,Juba,yes,2.95,5.15,77.55,
Dec-09,2009,12,72.54,67.42,69.8,0,80.59,82.33,0,78.77,0,89.88,0,92.19,96.31,88.11,66.26,76.02,72.38,75.42,69.86,70.75,58,53.13,68.67,126.58,Juba,yes,2.95,5.22,74.88,
Jan-10,2010,1,74.75,69.36,68.86,0,86.13,83,0,78.77,0,89.88,0,92.26,98.96,88.58,68.32,78.08,70.14,71.87,70.74,70.75,64.29,55.26,73.22,127.12,Juba,yes,2.95,5.29,77.12,
Feb-10,2010,2,73.41,67.39,71.43,0,81.77,99.26,0,78.77,0,100,0,86.99,100.19,87.93,66.28,73.93,73.27,72.37,75.46,70.88,58.98,53.25,69.88,126.85,Juba,yes,2.95,5.36,74.76,
Mar-10,2010,3,73.17,68.93,79.85,0,76.02,83.37,0,80.12,0,93.12,0,72.79,98.57,85.97,67.85,78.78,77.04,72.51,71.18,75,56.96,55.74,65.5,126.58,Juba,yes,2.95,5.43,79.3,
Apr-10,2010,4,73.98,70.51,82.42,0,71.68,84.32,0,80.12,0,93.12,0,91.48,96.48,87.06,69.49,77.98,82.81,78.77,70.25,75,58.87,56.5,75.6,127.12,Juba,yes,2.95,5.51,84.18,
May-10,2010,5,73.59,67.84,87.83,0,79.39,82.35,0,80.12,0,100,0,91.68,100.19,89.21,66.76,73.81,84.5,84.66,70.02,70.75,60.15,49.25,76.02,127.12,Juba,yes,2.95,5.58,75.62,
Jun-10,2010,6,73.79,67.86,71.43,0,84.37,82.69,0,80.12,0,86.65,0,100.59,99.58,89.37,66.76,72.49,85.59,80.49,79.61,58.25,61.68,49.25,76.41,119.04,Juba,yes,2.95,5.65,74.73,
Jul-10,2010,7,72.42,66.63,71.43,0,81.95,82.98,0,80.12,0,100,0,89.33,97.73,89.72,65.51,75.93,71.09,86.91,73.71,75,57.69,45.51,79.35,127.12,Juba,yes,2.95,5.72,74.58,
Aug-10,2010,8,73.49,67.25,71.43,0,86.33,76.2,0,78.77,0,65.89,0,95.6,104.87,89.48,66.08,73.88,81.37,86.25,74.56,70.75,62.43,46.61,70.44,126.4,Juba,yes,2.95,5.79,75.83,
Sep-10,2010,9,72.01,67.2,68.86,0,79.55,75.51,0,80.12,0,106.36,0,87.77,94.38,85.92,66.06,75.25,83.03,86.25,71.7,62.5,56.74,47.98,74.8,126.04,Juba,yes,2.95,5.86,76.12,
Oct-10,2010,10,74.76,70.87,71.43,0,79.35,74.77,0,80.12,0,100,0,91.68,97.73,87.29,69.86,88.05,79.91,84.29,76.68,75,53.28,50.86,69.93,126.94,Juba,yes,2.95,5.93,81.72,
Nov-10,2010,11,75.21,69.86,71.43,0,80.63,77.54,0,80.12,0,100,0,91.68,112.03,91.94,68.81,78.85,84.36,98.84,80.42,70.75,65.83,45.92,68.89,127.13,Juba,yes,2.95,6,84.53,
Dec-10,2010,12,81.81,80.85,71.43,0,76.57,75.83,0,80.12,0,100,0,106.86,103.18,90.86,80.07,92.07,87.84,103.26,85.61,62.5,60.55,71.51,75.44,127.13,Juba,yes,2.95,6.08,90.01,
Jan-11,2011,1,91.71,90.23,71.43,0,82.31,81.94,0,134.8,0,100,0,107.04,107.09,98.99,89.75,99.71,87.72,103.26,87.6,100,74.44,84.9,85.88,127.13,Juba,yes,2.95,6.15,92.69,4
Feb-11,2011,2,91.82,90.9,84.3,0,88.93,113.37,0,88.87,0,100,0,97.16,101.83,100.2,90.31,98.12,84.24,108.67,89.1,100,74.65,87.42,86.98,133.33,Juba,yes,2.95,6.22,97.91,4
Mar-11,2011,3,88.57,85.62,89.71,0,88.73,123.33,0,88.07,0,100,0,99.2,100.19,100.77,84.25,93.7,89.69,98.93,94.41,100,69.14,68.64,101.35,130.5,Juba,yes,2.95,6.29,108.65,4
Apr-11,2011,4,101.97,101.54,106.11,0,95.48,138.35,0,88.07,0,100,0,107.83,110.35,107.17,100.97,122.46,99.73,134.46,102.4,100,77.9,86.73,95.34,132.13,Juba,yes,2.95,6.36,116.24,4
May-11,2011,5,95.34,93.78,94.86,0,89.86,149.22,0,88.07,0,100,0,107.83,100.99,99.91,92.93,108.33,93.24,111.89,82.38,100,79.5,80.31,100,133.04,Juba,yes,2.95,6.43,108.07,4
Jun-11,2011,6,100,100,100,100,100,100,100,100,100,100,100,100,100,100,100,100,100,100,100,100,100,100,100,100,Juba,yes,2.95,6.5,105.85,7
Jul-11,2011,7,107.31,105.32,89.5,93.53,92.2,107.79,161.52,99.1,93.06,100,100,117.49,101.7,109.57,105.19,117.35,112.26,91.38,94.53,100,106.04,86.58,116.55,98.91,Juba,yes,2.95,6.57,107.92,5
Aug-11,2011,8,114.85,106.7,110.97,106.86,104.01,126.97,199.5,99.1,114.81,99.16,93.75,124.68,112.79,123.32,106.58,112.96,115.06,133.98,103.38,116.67,108.39,80.24,124.4,93.95,Juba,yes,2.95,6.65,100.49,5
Sep-11,2011,9,111.77,104.72,108.3,105.21,106.1,123.71,187.84,100.3,96.3,107.89,93.75,114.81,111.32,123.48,103.77,97.69,111.53,138.79,98.04,141.67,102.75,80.01,155.16,122.31,Juba,yes,2.95,6.72,100.82,6
Oct-11,2011,10,117.3,113.07,119.58,111.81,105.47,124.1,187.84,102.3,94.44,106.11,93.75,124.76,109.8,123.65,113.03,106.31,125.96,118.69,100.46,108.33,156.37,90.08,155.16,125.81,Juba,yes,2.95,6.79,99.85,6
Nov-11,2011,11,122.65,115.8,137.51,115.74,119,141.88,192.7,102.01,94.44,106.67,93.75,143.83,117.03,130.4,114.93,105.89,118.95,154.54,103.96,133.33,131.36,100.54,149.64,101.49,Juba,yes,2.95,6.86,105.41,6
Dec-11,2011,12,127.66,118.44,219.01,162.98,114.11,141.36,186.42,102.01,97.22,144.91,93.75,123.97,129.77,136.59,118.01,106.1,126.7,115.41,108.27,125,190.4,99.45,149.64,99.89,Juba,yes,2.95,6.93,104.23,6
Jan-12,2012,1,131.06,117.76,142.63,154.52,119.72,163.88,238.11,102.01,87.04,151.58,93.75,146.1,140.73,141.42,118.16,100.9,126.38,133.11,122.05,125,180.5,111.33,127.58,98.15,Juba,yes,2.95,3.58,107.07,7
Feb-12,2012,2,130.22,125.4,141.75,135.01,116.14,149.05,209.11,102.01,95.83,144.91,93.75,127.21,126.73,133.15,125.65,101.86,120.71,134.62,120.63,125,265.5,113.49,127.58,96.76,Juba,yes,2.95,3.65,112.69,8
Mar-12,2012,3,133.81,119.43,138.39,146.23,133.01,140.6,305.62,102.01,100,100,93.75,135.84,111.08,145.99,119.17,115.8,123.8,154.54,117.04,125,127,106.22,136.1,100.23,Juba,yes,2.95,3.91,117.79,6
Apr-12,2012,4,129.26,121.36,140.71,118.38,104.4,126.31,235.3,120.72,86.11,142.74,156.22,120.46,119.02,139.25,120.82,111.73,137.21,142.99,156.13,125,101.29,119.7,127.58,137.19,Juba,yes,2.95,4.43,113.67,6
May-12,2012,5,159.06,171.55,191.02,141.08,134.78,164.17,164.47,101.67,103.7,151.58,156.22,161.38,115.83,146.33,173.21,166.04,159.75,171.15,152.31,125,302.12,164.46,144.13,149.74,Juba,yes,2.95,4.94,104.09,6
Jun-12,2012,6,163.72,171.33,174.9,152.09,129.48,169.12,179.42,141.76,107.41,143.58,156.22,172.96,144.52,154.75,172.28,172.17,161.73,171.16,140.03,125,331.17,140.87,140.89,173.32,Juba,yes,2.95,5.15,90.73,6
Jul-12,2012,7,159.01,166.58,235.94,169.04,129.23,191.53,142.46,103.34,100,121.23,156.22,158.02,139.66,150.96,166.35,151.57,172.34,156.19,194.31,125,344.85,135.57,145.64,126.97,Juba,yes,2.95,5.34,96.75,6
Aug-12,2012,8,163.81,166.62,213.2,163.57,201.96,191.7,155.16,103.34,101.85,144.91,156.22,180.76,135.36,160.69,166.88,160.86,175.77,229.11,131.4,125,328.35,114.91,140.89,185.2,Juba,yes,2.95,4.98,105.27,8
Sep-12,2012,9,157.26,149.74,175.94,159.4,198.84,195.43,210.5,103.34,107.41,131.58,156.22,173.01,142.02,162.85,149.33,162.34,168.83,148.2,131.91,125,219.65,102.98,144.13,156.52,Juba,yes,2.95,4.44,106.28,7
Oct-12,2012,10,150.02,140.88,180.94,164.04,190.43,180.89,186.11,103.34,111.11,138.25,156.22,169.53,147.1,157.43,140.02,136.25,165.29,140.41,127.35,125,232.43,107.56,133.09,129.98,Juba,yes,2.95,4.36,103.41,7
Nov-12,2012,11,177.35,186.67,187.91,164.17,171.86,189.23,217.65,123.06,88.89,172.63,156.22,173.91,137.36,166.09,187.95,165.56,169.06,160.74,126.14,125,652.3,104.54,133.09,180.88,Juba,yes,2.95,4.29,101.17,7
Dec-12,2012,12,154.69,149.88,203.35,155.45,200.11,184.17,191.55,103.64,94.44,172.63,156.22,153.37,129.28,157.95,150.38,153.12,172.31,138.64,132.09,125,237.8,115.91,144.13,152.73,Juba,yes,2.95,4.24,101.19,6
Jan-13,2013,1,162.14,169.74,225.84,158.86,129.47,170.17,183.77,103.34,91.67,126.32,156.22,156.96,154.51,150.97,170.32,154.37,165.62,137.4,120.37,125,530.82,102.87,138.61,106.73,Juba,yes,2.95,4.25,105.1,6
Feb-13,2013,2,144.28,133.61,231.26,178.13,140.57,178.34,169.25,103.34,100,172.63,156.22,183.83,134.12,155.1,132.05,138.48,165.85,123.28,124.35,125,138.59,105.94,144.13,128.52,Juba,yes,2.95,4.19,107.64,6
Mar-13,2013,3,145.17,130.05,174.06,160.46,146.32,171.79,241.01,103.34,96.3,172.63,156.22,177.99,148.15,158.84,128.62,130.3,167,130.55,146.83,125,137.97,99.82,138.61,131.3,Juba,yes,2.95,4.06,102.52,7
Apr-13,2013,4,139.39,131.47,166.36,162.29,134.39,171.94,164.52,103.34,85.19,151.58,156.22,182.35,147.01,147.39,130.18,143.49,168.47,129.61,135.58,116.67,106.1,100.57,138.61,129.01,Juba,yes,2.95,3.86,98.85,7
May-13,2013,5,146.02,136.42,174.71,145.04,132.47,173.64,225.05,103.34,100,167.37,156.22,179.68,136.11,155.29,134.17,131.9,163.24,130.68,142.34,125,167.38,114.63,138.61,102.46,Juba,yes,2.95,3.94,99.37,7
Jun-13,2013,6,141.72,130.44,235.04,150.01,177.08,160.01,138.25,103.34,110.19,162.11,156.22,190.08,155.35,151.6,129.01,131.22,166.59,151.1,112.34,125,149.06,98.68,122.06,152.53,Juba,yes,2.95,4.22,99.74,7
Jul-13,2013,7,142.74,132.46,229.57,160.1,150.01,158.79,136.28,123.06,97.22,136.32,156.22,209.69,157.86,150.54,131.9,128.83,165.52,188.44,149.09,125,148.9,101.13,133.09,98.62,Juba,yes,2.95,4.28,105.26,7
Aug-13,2013,8,138.27,130.84,161.94,164.25,113.69,161.09,162.71,108.02,101.85,137.02,165.08,186.3,146.93,144.49,129.7,132.55,164.64,137.43,135.48,100,148.01,104.21,133.09,123.02,Juba,yes,2.95,4.5,108.16,7
Sep-13,2013,9,157.81,151.83,154.49,156.36,132.91,159.74,270.94,108.02,96.3,167.37,165.08,185.89,146.93,159.61,150.79,156.81,160.21,129.43,125.43,108.33,299.6,112.7,105.52,143.03,Juba,yes,2.95,4.34,108.76,7
Oct-13,2013,10,147.46,147.44,166.26,155.47,128.23,151.55,167.48,106.68,92.59,172.63,165.08,183.11,145.96,147.17,146.96,174.95,167.62,160.22,128.03,116.67,173.42,91.37,133.09,178.25,Juba,yes,2.95,4.4,105.43,6
Nov-13,2013,11,150.37,146.88,194.99,175.52,136.93,169.8,161.65,106.68,97.22,191.23,165.08,193.54,140.7,151.83,146.62,145.07,166.46,122.78,153.32,116.67,238.44,117.21,144.13,151.17,Juba,yes,2.95,4.48,102.63,6
Dec-13,2013,12,144.29,136.5,193.17,183.74,115.42,168.48,170.74,106.68,91.67,174.04,165.08,193.56,145.5,149.35,135.5,143.8,161.57,158.64,140.38,108.33,169.2,96.23,138.61,128,Juba,yes,2.95,4.67,105.48,6
Jan-14,2014,1,152.74,149.46,174.91,162.56,113.04,155.89,220.53,106.68,100,166.98,165.08,192.96,142.03,153.89,148.99,161.23,173.15,156.62,155.53,116.67,218.53,104.2,127.58,127.56,Juba,yes,2.95,4.83,102.1,6
Feb-14,2014,2,145.62,146.27,172.29,146.51,118.6,167.42,144.9,106.68,96.3,166.14,165.08,189.52,140.52,143.92,145.68,140.27,167.23,213.97,130.25,125,218.09,104.19,149.64,149.39,Juba,yes,2.95,4.39,104.83,6
Mar-14,2014,3,140.4,135.97,168.35,156.13,114.26,169.02,149.28,106.68,91.67,158.25,165.08,190.11,144.83,145.63,134.46,131.81,163.18,113.22,123.81,125,180.2,115.15,144.13,127.7,Juba,yes,2.95,4.03,104.04,6
Apr-14,2014,4,137.98,131.09,176.39,168.25,110.18,163.73,149.28,106.68,94.44,147.72,165.08,189.8,147.26,142.97,129.81,150.43,164.08,142.44,121.34,108.33,125.07,86.67,127.58,129.58,Juba,yes,2.95,3.9,104.87,6
May-14,2014,5,140.86,136.28,178.45,149.7,162.42,150.61,134.63,106.68,93.15,147.72,165.08,186.32,146.73,146.34,134.61,147.35,165.7,153.04,123.75,116.67,182.34,89.46,122.06,101.53,Juba,yes,2.95,3.95,105.71,6
Jun-14,2014,6,148.58,150.79,173.72,132.34,169.81,159.54,128.79,106.68,91.67,164.91,165.08,188.75,143.75,143.92,150.82,137.76,160.15,169.18,130.23,125,386.21,91.81,122.06,149.49,Juba,yes,2.95,4.25,108.37,6
Jul-14,2014,7,152.95,152.59,166.78,144.78,191.39,157.04,144.9,106.68,92.59,155.79,165.08,216.14,142.06,149.45,152.68,138.96,167.54,180.68,130.32,116.67,413.39,81.84,125.86,151.12,Juba,yes,2.95,4.5,105.23,6
Aug-14,2014,8,159.3,156.23,168.54,138.27,182.79,145.32,242.17,106.68,92.59,155.79,165.08,184.33,146.86,157.51,156.62,137.36,165.48,246.87,130.32,125,390.66,92.65,114.83,176.46,Juba,yes,2.95,4.66,100.05,6
Sep-14,2014,9,154.26,143.02,176.74,136.56,193.28,161.22,242.17,106.68,87.96,171.58,165.08,197.62,145.85,160.09,142.21,140.78,168.06,182.27,108.67,108.33,306.25,79.85,122.06,125.52,Juba,yes,2.95,4.85,95.85,6
Oct-14,2014,10,149.16,135.8,180.39,138.09,193.21,167.7,212.87,106.68,88.89,187.37,165.08,200.27,147.45,158.61,135.02,125.05,167.16,192.77,130.98,116.67,268.03,78.44,122.06,150.12,Juba,yes,2.95,5.1,86.08,8
Nov-14,2014,11,193.64,210,214.65,190.1,190.43,176.54,212.87,106.68,92.59,187.37,165.08,209.99,152.1,168.46,212.64,143.34,181.83,144.53,163.9,116.67,1022.18,105.94,133.09,152.79,Juba,yes,2.95,5.65,76.99,8
Dec-14,2014,12,158.98,141.93,231.61,208.23,181.65,179.03,232.4,106.68,85.19,192.63,165.08,214.73,157.38,173.35,140.32,135.57,188.25,140.52,177.43,116.67,194.01,106.4,131.38,152.16,Juba,yes,2.95,5.82,60.7,7
Jan-15,2015,1,161.9,145.61,211.99,175.83,157.85,176.28,291.76,106.68,95.83,176.84,165.08,212.85,151.15,176.2,143.45,133.74,188.89,142.69,146,125,222.46,110.41,138.97,177.17,Juba,yes,2.95,6.26,47.11,7
Feb-15,2015,2,166.62,158.67,203.13,191.1,207.3,194.84,208.58,106.68,95.83,171.58,165.08,204.24,152.27,171.71,157.51,153.36,189.83,145.77,142.77,133.33,344.44,100.33,129.86,130.44,Juba,yes,2.95,6.51,54.79,8
Mar-15,2015,3,166.02,158.5,198.8,180.17,188.03,178.36,224.85,106.68,97.22,195.26,165.08,211.2,156.9,172.58,157.71,151.54,196.21,146.98,158.92,125,265.3,114.74,165.23,180.17,Juba,yes,2.95,7.1,52.83,9
Apr-15,2015,4,175.29,161.26,447.08,193.61,185.56,190.83,208.58,106.68,98.61,176.84,165.08,219.16,158.21,188.91,159.71,150.95,234.51,183.89,165.38,150,161.31,127.92,168.47,189.45,Juba,yes,2.95,8.34,57.54,7
May-15,2015,5,193,192.51,252.8,215.84,179.92,224.41,223.16,106.68,87.5,178.11,165.08,261.58,195.01,195.91,191.43,187.99,268.2,201,231.56,166.67,180.03,160.71,172.06,274.65,Juba,yes,2.95,10.41,62.51,7
Jun-15,2015,6,231.34,232.61,307.42,284.87,194.44,284.48,296.42,106.68,86.11,226.84,165.08,277.2,239.44,234.26,231.55,209.38,314.5,259.83,278.71,183.33,290.26,200.41,216.55,276.08,Juba,yes,2.95,10.71,61.31,9
Jul-15,2015,7,231.89,247.07,248.67,250.3,163.91,286.11,252.46,106.68,127.78,212.21,165.08,272.38,221.65,219.72,246.59,204.03,303.21,315.96,252.76,216.67,583.16,166.19,188.61,239.03,Juba,yes,2.95,12.82,54.34,15
Aug-15,2015,8,245.98,260.48,244.81,249.32,187.03,305.56,252.46,106.68,98.61,231.12,165.08,314.39,302.96,236.84,259.17,253.88,316.66,238.22,280.42,258.33,459.81,175.46,238.43,283.99,Juba,yes,2.95,14.9,45.69,14
Sep-15,2015,9,288.09,330.4,266.74,369.24,204.65,326.7,252.46,106.68,125,256.95,165.08,288.65,234.37,253.97,331.92,289.97,415.49,409.01,324.42,275,788.05,202.32,255.16,355.86,Juba,yes,2.95,15.72,46.28,13
Oct-15,2015,10,296.13,329.26,268.59,415.58,188.78,387.08,237.88,106.68,127.78,283.16,165.08,356,281.14,272.6,326.4,256.16,328.78,290.02,351.33,250,950.11,237.31,270.56,368.09,Juba,yes,2.95,17.5,46.96,20
Nov-15,2015,11,319.77,340.27,370.31,540.25,249.92,384.88,252.46,106.68,168.52,276.49,165.08,418.65,330.02,316.28,336.91,328.37,388.46,370.93,444.04,300,440.67,268.22,321.7,435.59,Juba,yes,2.95,17.37,43.11,26
Dec-15,2015,12,330.48,348.47,441,561.44,262.24,425.02,252.46,106.68,127.78,313.68,165.08,446.44,333.34,328.73,345.36,352.98,416.68,354.05,451.66,350,317.98,286.4,342.05,457,Juba,yes,10.80270806,19.02,36.57,40
Jan-16,2016,1,409.54,437.89,567.77,626.87,294.49,523.12,255.03,312.86,127.78,283.16,165.08,558.29,372.13,402.84,430.9,498.8,515.2,353.06,515.12,416.67,326.07,357.77,344.23,500.77,Juba,yes,18.66799759,22.72,29.78,34
Feb-16,2016,2,488.79,517.02,564.86,922.07,348.74,722.97,252.46,372.02,194.44,441.4,165.08,556.25,492.45,483.76,512.82,527.51,553.68,759.07,572.86,500,312.72,461.09,553.36,531.74,Juba,yes,21.60296692,31.65,31.03,38
Mar-16,2016,3,540.85,562.15,1184.27,823.36,409.34,738.74,252.46,372.02,229.63,478.6,165.08,608.62,590.24,550.24,554.19,550.82,530.67,657.39,753.37,558.33,540.53,470.21,694.84,708.82,Juba,yes,32.24773065,38.07,37.34,56
Apr-16,2016,4,638.94,673.26,925.5,1130.81,566.9,973.69,362.24,372.02,286.11,435.26,165.08,646.44,644.39,644.47,669.58,672.44,747.75,814.36,813,850,530,559.57,750,845.07,Juba,yes,31.89387458,32.82,40.75,68
May-16,2016,5,767.64,746.45,1657,1128.9,572.26,786.62,1131.27,372.02,227.78,439.47,165.08,1075.23,776.67,800.54,751.22,757.82,735.81,985.05,1145.88,687.5,859.43,585.51,751.8,1014.27,Juba,yes,32.32257097,35.98,45.94,93
Jun-16,2016,6,687.31,729.4,843,1138.21,745.9,1086.34,354.95,372.02,233.33,555.26,165.08,664.29,754.76,688.11,720.8,698.67,802.16,769.07,877.74,850,632.22,655.43,809.95,921.96,Juba,yes,38.572805,45.32,47.69,59
Jul-16,2016,7,1217.04,1436.88,1610.5,1594.33,1335.77,1318.33,640.33,372.02,333.33,459.96,165.08,1211.63,1091.47,1077.76,1452.55,1604.5,967.29,1954.78,1613.2,1250,1150.25,1461.14,1370.06,1388.2,Juba,yes,45.03086452,58.15,44.13,62
Aug-16,2016,8,1246.59,1356.86,2521.05,1561.02,1918.44,1564.86,612.79,372.02,310,886.42,165.08,1357.29,985.79,1183.52,1360.17,1709.39,1057.11,2349.23,1481.42,1375,358.99,1053.95,1358.52,1418.32,Juba,yes,55.09406129,69.35,44.88,61
Sep-16,2016,9,1568.13,1677.58,1936.63,1956.44,1686.25,1561.2,2167.1,372.02,833.33,1112.2,165.08,1751.95,1366.99,1521.77,1683.71,1649.55,1394.03,2432.2,1681.42,1458.33,1089.77,1908.87,1665.47,1922.9,Juba,yes,63.83336333,77.59,45.04,56
Oct-16,2016,10,1528.46,1746.97,1583.51,2608.75,1520.72,1605.59,1272.89,372.02,944.44,1236.84,165.08,1568.87,959.69,1459.7,1631.52,2032.03,1469.47,1379.46,1758.08,1187.5,740.15,1516.62,1650.28,1891.32,Juba,yes,69.66025968,75.46,49.29,58
Nov-16,2016,11,1635.19,1846.47,1862.8,2398.75,1725.48,1867.49,1492.66,372.02,1055.56,1003.7,165.08,1309.91,1433.54,1491.7,1831.42,2147.62,1571.77,1482.84,2034.07,1250,2825.4,1265.21,1806.95,2011.85,Juba,yes,72.63648167,83.47,45.26,69
Dec-16,2016,12,1790.07,2106.67,2363,2893.19,1202.06,2259.51,696.11,372.02,1083.33,1789.47,165.08,2068.97,1394.34,1593.07,2106.94,2603.78,1690.81,2224.34,2177.27,1666.67,2146.95,1526.25,2197.84,2291.65,Juba,yes,79.19553065,91.79,52.62,107
Jan-17,2017,1,1825.79,2062.05,2101.57,2963.76,1238.36,2453.16,895.14,372.02,1333.33,1887.37,165.08,2378.62,1760.98,1741.39,2040.88,2436.62,2112.75,1528.8,2181.58,1541.67,2093.82,1532.74,2167.27,2288.82,Juba,yes,87.54604839,103.19,53.59,184
Feb-17,2017,2,2490.4,3214.16,2826.44,3130.85,1566.87,2354.71,613.72,569.23,1277.78,2003.51,165.08,1962.01,2357.47,1975.62,3229.98,3413.14,2445.73,1458.68,2705.39,2375,7535.61,2607.53,2722.42,2760.96,Juba,yes,98.17651786,117.53,54.35,198
Mar-17,2017,3,2203.96,2650.1,2530.14,3505.77,1630.78,2558.29,526.71,667.84,1052.63,1748,165.08,2239.78,2376.58,1925.35,2631.6,2643.59,2386,3359.69,2776.37,2125,4969.5,1781.15,2492.81,2823.49,Juba,yes,108.3376887,128.87,50.9,160
Apr-17,2017,4,2539.8,2548.51,2875.23,4438.7,1642.35,2941.58,3781.18,860.91,1222.22,2246.84,1453.42,2721.65,2728.42,2676.96,2493.14,2339.13,2420.2,1459.9,3062.27,2500,2890.55,2496.76,3389.69,3326.87,Juba,yes,112.0386867,154.44,52.16,122
May-17,2017,5,3374.89,3724.89,3985.5,4476.8,2066.13,3554.39,4413.94,724.66,2083.33,2156.91,758.88,4102.22,2678.3,3426.8,3713.32,3406.01,2836.64,2944.18,3542.46,12833.33,6157.1,2517.69,3735,3584.71,Juba,yes,115.4969532,151.13,49.89,107
Jun-17,2017,6,3147.35,3138.73,4534.46,5097.96,2403.5,3500.82,4198.54,724.66,1916.67,2767.99,758.88,4875.38,3140.65,3251.3,3086.03,3147.85,2832.45,3781.14,3159.9,2750,4664.76,2260.02,3452.03,3679.33,Juba,yes,116.4866433,153.42,46.17,155
Jul-17,2017,7,3265.64,3159.77,4715.89,5083.7,3889.01,3608.32,4060.86,1316.29,1944.44,2803.37,758.88,5270.95,2730.03,3480.36,3117.36,3105.99,2639.45,3587.07,4289.38,2916.67,5139.11,2227.32,3507.19,3695.87,Juba,yes,117.3527871,158.17,47.66,191
Aug-17,2017,8,3527.43,3225.63,4100.73,5932.18,4876.26,3770.91,4677.69,1316.29,2500,2803.37,758.88,5929.04,4225.03,3902.7,3188.69,3292.41,3184.8,3810.03,3440.19,2583.33,5478.06,1922.53,3676.25,3933.8,Juba,yes,117.6407274,167.75,49.94,259
Sep-17,2017,9,3810.38,3406.17,4446.6,5771.16,5034.73,4095,7123.69,1513.5,2148.15,3196.84,758.88,6075.7,3593.11,4308.9,3351.13,2961.65,3889.75,4174,8209.61,2916.67,5315.57,2098.53,3496.41,3856.97,Juba,yes,117.85697,181.8,52.95,343
Oct-17,2017,10,4145.49,3457.47,5460.3,5886.71,5022.99,4330.49,10474.9,1907.92,2013.89,2896.84,758.88,5767.6,4159,4741.85,3405.09,3059.45,3899.21,3235.67,4356.17,2750,7181.01,2300.66,3448.44,4045.62,Juba,yes,121.3273419,179.54,54.92,351
Nov-17,2017,11,4315.41,3921.18,5149.22,7154.71,5083.12,4402.24,7326.19,1907.92,1944.44,2915.79,758.88,7222.27,4928.42,5093.9,3894.61,3995.72,4227.28,3874.38,4426.99,12500,2985.47,2438.04,4149.06,4062,Juba,yes,124.6254733,184.59,59.93,322
Dec-17,2017,12,4536.45,4086.78,5791.2,8170.7,4696.04,4515.06,7491.47,2173.26,2870.37,3015.79,758.88,6959.58,5940.98,4920.01,4068.51,4218.52,4636.41,5057.11,5302.89,3000,2652.61,3694.61,4414.45,4630.14,Juba,yes,126.8591839,189.82,61.19,312
Jan-18,2018,1,4514.93,4641.02,4379.05,8007.25,3921.46,4762.67,5086.25,1907.92,2027.78,3736.84,758.88,5186.21,6646.52,4427.66,4623.42,4272.01,5077.33,5965.41,5139.78,3000,5329.79,4500.34,4771.56,4354.2,Juba,yes,130.1997113,207.66,66.23,309
Feb-18,2018,2,6207.57,4374.21,60791.41,7990.2,3944.72,6350.11,5424.43,2908.32,3194.44,4298.45,758.88,5126.26,4645.16,7706.86,4298.87,4443.4,4748.48,5023.11,6630.21,3416.67,3626.66,3602.06,4779.37,4470.3,Juba,yes,131.7857607,238.34,63.46,345
Mar-18,2018,3,6949.3,5845.37,19127.31,7411.5,26127.69,8585.89,4736.13,2304.74,3166.67,4073.68,758.88,4438.56,6857.47,8287.02,5854.47,6089.01,5716.38,6683.61,3971.68,3083.33,8316.32,5608.24,4340.12,5328.91,Juba,yes,132.9339565,242.29,64.17,330
Apr-18,2018,4,6582.54,6847.22,21617.88,8290.93,5549.75,6586.35,4998.58,2693.18,4055.56,4642.11,758.88,5996.95,6626.47,7552.23,6860.89,8905.29,6657.09,7542.06,9567.03,4333.33,8562.65,3824.94,4672.65,5447.78,Juba,yes,135.0117833,274.95,68.79,358
May-18,2018,5,5769.07,5475.41,12944.73,9405.87,5767.82,6970.87,5661.83,3924.26,3129.63,4578.95,758.88,6997.97,6739.16,6316.49,5345.54,4593.1,6802.28,8869.72,10738.01,5083.33,5710.31,3746.91,6083.9,6947.25,Juba,yes,137.2260839,305.24,73.43,318
Jun-18,2018,6,5946.55,5592.9,6404.65,10738.45,5562.98,10091.18,5890.92,3715.1,3055.56,4869.47,758.88,8968.7,6851.6,6323.49,5501.17,4004.24,6809.65,5044.85,7891.74,5166.67,13112.59,4027.06,5962.81,7013.42,Juba,yes,138.8587883,312.21,71.98,356
Jul-18,2018,7,6684.76,7005.06,6102.34,9214.34,5529.3,6820,6129.22,3452.15,3518.52,6736.84,758.88,13323.68,6635.32,6421.32,7020.49,7701,7085.39,7140.84,8270.22,4083.33,13945.75,4513.8,4721.81,5064.84,Juba,yes,141.1822,236.31,72.67,280
Aug-18,2018,8,6201.97,5893.4,7374.09,10452.48,7906.16,6415.27,6151.96,4217.09,3296.3,6821.05,758.88,10602.15,7349.63,6397.12,5859.83,4927.37,6445.43,3544.38,6720.46,4000,16270.49,4307.37,4866.09,5813.28,Juba,yes,145.8432855,216.42,71.08,300
Sep-18,2018,9,5800.14,5371.65,8404.48,7781.56,6337.46,6065.48,6406.96,4581.63,2314.81,5915.79,758.88,10812.98,8250.37,6137.9,5308.98,4277.46,6726.48,2739.88,6147.18,3666.67,12350.93,4658.62,4742.18,5148.59,Juba,yes,149.1517633,211.78,75.36,299
Oct-18,2018,10,5439.42,4946.56,6832.03,7995.84,7976.76,5597.46,6461.99,4584.62,2574.07,6471.41,758.88,9865.01,5502.68,6020.68,4779.31,4460.77,6178.68,5996.23,4830.06,3250,7349.06,3451.45,5521.94,4123.15,Juba,yes,149.8206226,213.26,76.73,278
Nov-18,2018,11,5802.67,5388.95,8416.71,9724.5,6216.03,5918.65,7008.24,4190.19,2962.96,6964.91,758.88,9197.36,7256.78,6295.21,5326.71,4776.52,6637.43,5360.96,6457.63,4583.33,9874.25,3760.35,5511.55,6184.54,Juba,yes,151.2975333,235.47,62.32,292
Dec-18,2018,12,5961.27,5344.41,5255.45,9261.75,5785.05,5968.87,7405.36,5794.78,3888.89,10048.23,758.88,12024.75,7760.41,6584.39,5275.19,4007.84,7035.73,12567.61,7107.18,3833.33,7046.74,3781.65,5245.77,5852.88,Juba,yes,153.3218355,247.97,53.96,296
Jun-11,2011,6,100,100,100,100,100,100,100,100,100,100,100,100,100,100,100,100,100,100,100,100,100,100,100,100,Wau,no,2.95,6.5,105.85,9
Jul-11,2011,7,103.86,104.99,108.8,120.19,102.39,110.58,73.86,92.47,111.76,101.92,100,109.23,90.23,110.02,104.3,115.16,102.86,94.74,90.39,88.89,97.16,102.52,88.51,114.67,Wau,no,2.95,6.57,107.92,10
Aug-11,2011,8,118.78,108.85,134.33,125.84,103.73,280.07,137.73,92.47,111.76,231.73,100,117.17,91.64,132.91,108.35,114.84,105.1,84.24,98.48,144.44,97.24,101.6,122.27,106.94,Wau,no,2.95,6.65,100.49,8
Sep-11,2011,9,146.76,145.88,161.73,130.81,98.86,335.67,151.31,92.47,100,147.12,100,111.12,102.25,146.92,145.75,175.5,103.4,102.95,97.61,133.33,105.31,166.75,131.92,93.36,Wau,no,2.95,6.72,100.82,12
Oct-11,2011,10,151.32,154.36,190.77,129,103.32,287.84,144.94,97.98,94.12,147.12,100,116.07,89.3,143.88,155.05,183.59,111.7,182.59,118.28,133.33,147.02,138.82,134.76,122.53,Wau,no,2.95,6.79,99.85,10
Nov-11,2011,11,149.91,149.86,220.2,131.01,83.84,239.31,146.48,160.28,110.29,143.65,100,137.09,94.94,147.6,149.53,160.5,109.34,144.62,132.98,155.56,179.34,163.14,138.59,112.63,Wau,no,2.95,6.86,105.41,9
Dec-11,2011,12,138.52,132.05,185.15,142.65,83.16,199.48,137.52,158.39,102.94,183.08,100,183.99,123.71,144.66,131.31,144.76,117.77,127.97,98.37,144.44,252.94,111.11,123.19,84.2,Wau,no,2.95,6.93,104.23,9
Jan-12,2012,1,145.54,145.81,228.13,124.97,81.59,213.52,145.97,157.27,105.88,147.12,100,127.19,99.76,135.63,146.74,163.44,131.37,146.1,136,133.33,223.63,146.22,105.82,69.81,Wau,no,2.95,3.58,107.07,11
Feb-12,2012,2,132.04,128.32,198.17,138.61,84.2,161.12,147,157.27,123.53,146.15,100,134.82,112.34,132.06,128.05,129.17,137.01,127.73,145,131.77,197.93,128.66,93.34,82.6,Wau,no,2.95,3.65,112.69,13
Mar-12,2012,3,134.26,131.29,179.88,147.75,69.17,222.96,159.2,155.01,98.53,145.19,100,117.56,95.27,136.32,131.38,134.21,126.41,131.78,142.13,222.22,83.72,139.89,100.99,78.08,Wau,no,2.95,3.91,117.79,10
Apr-12,2012,4,136.77,134.69,239.04,135.4,66.24,180.4,102.57,157.27,111.76,148.85,145.37,142.65,115.62,138.86,135.2,117.67,136.08,136.84,197.94,225.83,73.46,165.2,111.49,101.77,Wau,no,2.95,4.43,113.67,9
May-12,2012,5,165.99,169.52,208.24,140.92,84.04,276.39,68.74,232.24,117.65,165.26,145.37,163.22,124.5,149.75,171.59,192.08,140.11,136.19,190.04,133.33,140.77,211.48,125.11,71.44,Wau,no,2.95,4.94,104.09,18
Jun-12,2012,6,163.29,162.32,244.75,146.47,78.71,326.6,76.89,192.04,117.65,148.46,145.37,158.55,115.41,155.48,163.19,190.68,142.98,166,129.05,133.33,153.83,164.43,115.46,104.76,Wau,no,2.95,5.15,90.73,13
Jul-12,2012,7,162.83,151.22,248.32,149.12,207.58,345.94,109.99,159.77,108.82,149.81,145.37,163.18,118.57,169.43,150.49,154.64,117.09,159.84,183.76,141.84,161.63,174.66,115.46,103.18,Wau,no,2.95,5.34,96.75,12
Aug-12,2012,8,164.03,155.92,234.9,141.46,189.22,340.39,112.3,158.26,105.88,151.35,145.37,156.61,121.54,166.68,155.91,181.32,139.02,157.93,125.93,141.78,157.14,151.77,120.29,66.87,Wau,no,2.95,4.98,105.27,11
Sep-12,2012,9,165.18,163.16,220,170.47,81.39,338.01,146.16,157.51,111.76,118.32,145.37,141.03,122.53,156.87,165,182.63,143.17,141.14,137.35,141.78,109.49,204.4,115.46,108.44,Wau,no,2.95,4.44,106.28,13
Oct-12,2012,10,151.65,143.71,224.62,167.14,81.14,312.78,144.43,157.13,101.47,134.54,145.37,153.53,118.15,154.55,143.7,155.22,151.9,153.57,148.92,141.78,119.92,137.23,105.82,107.91,Wau,no,2.95,4.36,103.41,11
Nov-12,2012,11,158.79,145.84,288.7,175.57,73.44,336.88,160.39,156.75,113.24,152.08,145.37,178.3,118.06,168.73,145.34,149.58,149.6,141.92,147.71,146.03,244.3,142.31,110.64,110.64,Wau,no,2.95,4.29,101.17,10
Dec-12,2012,12,161.22,147,293.21,180.05,79.95,357.51,152.25,159.01,104.41,153.56,145.37,188.04,120.5,173.78,146.28,157.02,145.57,144.43,133.9,163.11,102.6,154.61,110.64,109.87,Wau,no,2.95,4.24,101.19,11
Jan-13,2013,1,152.43,136.57,395.78,157.22,67.95,294.87,144.83,159.01,105.88,116.54,145.37,165.6,121.44,166.14,136.09,130.65,140.26,153.41,121.92,122.22,210.3,143.72,110.64,109.31,Wau,no,2.95,4.25,105.1,10
Feb-13,2013,2,167.56,142.79,356.79,163.72,70.72,569.75,150.27,158.64,105.88,152.4,145.37,164.6,123.37,189.72,142.1,140.27,133.81,136.87,129.09,111.11,289.34,152.09,121.21,115.16,Wau,no,2.95,4.19,107.64,9
Mar-13,2013,3,155.39,147.22,235.59,175.97,76.17,305.09,164.76,156.88,108.82,147.31,145.37,157.32,118.42,161.72,146.81,139.45,150.48,138.21,131.27,122.22,273.92,162.84,134.61,86.35,Wau,no,2.95,4.06,102.52,12
Apr-13,2013,4,153.68,145.43,244.92,174.97,77.68,332.3,87.44,158.64,108.82,150.77,145.37,173.13,130.55,159.65,143.89,146.59,144.21,130.25,192.07,94.94,157.74,161.06,116.38,101.72,Wau,no,2.95,3.86,98.85,13
May-13,2013,5,150.57,138.94,229.33,174.97,72.65,373.25,87.44,156.88,108.82,150.77,145.37,176.6,134.15,160.87,138.1,137.13,144.21,130.25,117.85,106.28,157.74,153.52,129.79,101.72,Wau,no,2.95,3.94,99.37,13
Jun-13,2013,6,144.22,133.9,192.66,178.95,73.44,291.75,100.51,156.88,110.29,233.65,145.37,185.97,138.48,154.48,132.88,133.86,162.01,138.18,128.56,111.11,151.01,121.07,120.14,103.89,Wau,no,2.95,4.22,99.74,13
Jul-13,2013,7,145,134.87,233.69,236.64,69.99,290.23,87.44,156.88,110.29,150.19,145.37,162.79,129.15,153.65,134,135.04,151.39,147.31,113.89,111.11,148.06,126.87,124.96,104.76,Wau,no,2.95,4.28,105.26,13
Aug-13,2013,8,139.79,129.21,255.57,175.79,65.52,284.91,80.81,160.36,102.94,152.12,145.37,160.85,134.75,148.27,127.89,131.85,147.93,170.25,104.09,111.11,147.41,105.05,106.74,83.9,Wau,no,2.95,4.5,108.16,12
Sep-13,2013,9,137.18,128.49,266.54,162.13,71.49,288.87,107.08,46.76,105.88,150.19,145.37,157.96,110.58,144.54,127.94,127.57,141.74,142.49,117.21,111.11,275.89,105.98,120.14,63.75,Wau,no,2.95,4.34,108.76,8
Oct-13,2013,10,136.54,121.29,249.22,170.82,150.84,290.35,75.91,160.49,105.88,149.04,145.37,150.09,121.22,154.02,119.75,121.32,147.7,124.21,115.69,111.11,202.82,99.62,105.82,65.63,Wau,no,2.95,4.4,105.43,9
Nov-13,2013,11,144.9,132.14,297.92,173.76,67.71,288.74,100,160.99,105.88,190.19,145.37,165.79,135.47,156.95,130.8,137.57,131.76,137.94,141.94,111.11,199.33,124.3,105.82,63.73,Wau,no,2.95,4.48,102.63,9
Dec-13,2013,12,130.78,116.17,257.01,209.17,58.5,283.8,93.88,97.44,108.82,145.19,145.37,164.47,132.04,148.73,114.06,119,130.84,124.36,107.19,122.22,93.96,99.17,105.82,83.15,Wau,no,2.95,4.67,105.48,9
Jan-14,2014,1,144.22,130.69,285,193.64,63.11,290.6,133.22,97.44,97.06,234.23,145.37,175.62,129.96,154.46,129.25,140.41,137.23,129.7,111.17,111.11,172.31,121.76,96.24,104.89,Wau,no,2.95,4.83,102.1,9
Feb-14,2014,2,140.06,131.05,268.1,183.96,61.95,283.97,73.86,97.56,97.06,231.73,164.81,158.92,137.35,150.34,129.83,144.44,140.5,124.38,122.92,133.33,99.59,115.94,110.64,104.08,Wau,no,2.95,4.39,104.83,8
Mar-14,2014,3,136.26,123.26,292.63,165.35,60.96,288.95,99.49,97.56,100,232.88,164.81,150.84,142.39,148.34,121.51,119.91,151.1,120.19,127.26,122.22,80.1,126.51,96.24,98.26,Wau,no,2.95,4.03,104.04,11
Apr-14,2014,4,129.88,117.9,255.98,180.65,70.03,269.3,87.96,97.31,102.94,231.73,164.81,141.81,129.11,143.09,116.55,118.06,138.3,134.09,127.92,122.22,85.86,107.96,86.6,112.89,Wau,no,2.95,3.9,104.87,9
May-14,2014,5,124.58,114.8,233.59,166.63,73.75,213.4,74.89,97.82,82.35,232.88,164.81,149.37,151.38,135.54,113.19,109.65,137.07,128.46,120.63,111.11,84.33,109.86,100,83.15,Wau,no,2.95,3.95,105.71,10
Jun-14,2014,6,127.11,118.85,266.92,174.62,74.87,159.61,74.89,97.31,91.18,231.92,164.81,158.95,149.81,134.89,117.22,112.08,144.03,144.56,96.64,111.11,142.97,110.39,96.17,85.14,Wau,no,2.95,4.25,108.37,9
Jul-14,2014,7,133.26,127.72,225.87,172.5,79.04,166.66,87.96,98.07,97.06,231.73,164.81,165.12,159.42,136.43,126.41,139.05,147.42,160.52,134.08,111.11,145.04,91.91,96.17,64.96,Wau,no,2.95,4.5,105.23,9
Aug-14,2014,8,141.25,136.18,274.35,173,74.06,173.34,106.33,97.69,79.41,231.73,164.81,172.6,139.25,143.03,135.15,142.67,142.26,174.15,122.61,122.22,135.75,120.2,105.82,85.76,Wau,no,2.95,4.66,100.05,8
Sep-14,2014,9,133.42,127.75,244.35,182.73,81.4,162.78,119.4,97.69,94.12,234.62,164.81,138.95,140.59,139.23,126.38,140.68,148.79,122.54,122.79,122.22,118.46,100.4,106.74,123.08,Wau,no,2.95,4.85,95.85,13
Oct-14,2014,10,136.61,124.63,226.95,196.38,84.99,233.78,132.47,98.44,88.24,231.73,164.81,174.37,132.18,161.46,120.32,102.43,157.16,129.65,163.74,133.33,117.85,103.17,134.76,186.36,Wau,no,2.95,5.1,86.08,14
Nov-14,2014,11,173.85,163.39,352.58,210.23,94.09,322.29,132.47,165.01,76.47,233.65,164.81,178.58,148.05,187.23,163.31,162.79,156.26,137.28,188.61,222.22,294,157.34,134.76,225.38,Wau,no,2.95,5.65,76.99,12
Dec-14,2014,12,170.8,175.15,292.79,222.81,79.4,208.55,106.33,97.94,82.35,232.69,164.81,169.52,137.28,150.7,175.74,232.82,150.65,126.4,128.66,133.33,445.1,127.86,105.82,106.74,Wau,no,2.95,5.82,60.7,17
Jan-15,2015,1,145.71,139.83,248.41,196.84,73.24,208.82,134.3,98.44,76.47,234.23,164.81,167.65,137.8,147.45,138.96,130.67,152.21,131.17,125.02,122.22,418.89,134.06,105.82,108.63,Wau,no,2.95,6.26,47.11,13
Feb-15,2015,2,152.13,146.93,256.5,198.94,81,210.27,158.26,96.56,91.18,233.65,164.81,163.22,137.87,153.8,146.75,152.37,149.16,111.46,130.23,133.33,222.38,159.56,124.96,128.02,Wau,no,2.95,6.51,54.79,10
Mar-15,2015,3,156.89,152.92,241.58,198.55,77.36,223.2,158.78,160.24,88.24,234.62,164.81,147.67,145.58,156.68,152.84,155.03,153.12,125.89,132.63,133.33,230.29,176.37,120.25,127.11,Wau,no,2.95,7.1,52.83,11
Apr-15,2015,4,171.27,162.13,357.79,217.26,88.86,253.59,171.85,159.74,100,237.31,164.81,158.91,157.86,181.47,160.67,168.87,158.31,127.3,150.39,155.56,149.07,172.58,139.54,221.65,Wau,no,2.95,8.34,57.54,11
May-15,2015,5,204.1,207.22,370.46,213.63,107.57,272.86,171.85,159.74,97.06,240.19,164.81,159.22,186.02,193.22,208.13,232.48,157.05,142.12,166.82,177.78,209.08,258.35,173.12,197.79,Wau,no,2.95,10.41,62.51,16
Jun-15,2015,6,249.69,262.23,470.53,224.83,125.46,335.27,171.85,163.25,100,243.08,164.81,182.91,182.1,226.53,264.44,330.85,162.18,219.31,161.25,222.22,297.61,270.27,221.35,243.89,Wau,no,2.95,10.71,61.31,20
Jul-15,2015,7,247.2,256.43,420.42,218.63,121.62,355.28,171.85,163.25,102.94,243.65,164.81,205.35,230.48,229.42,257.74,316.16,157.36,199.5,227.17,222.22,502.43,233.03,230.93,228,Wau,no,2.95,12.82,54.34,28
Aug-15,2015,8,264.7,273.41,478.31,253.05,117.65,408.43,171.85,164.76,114.71,290.38,164.81,212.63,236.14,253.43,274.6,354.52,162.07,200.88,239.21,266.67,388.74,250.8,226.1,251.66,Wau,no,2.95,14.9,45.69,16
Sep-15,2015,9,290.89,306.09,552.91,302.21,119.89,409.39,171.85,164.76,97.06,287.5,164.81,216.7,245.35,260.04,309.2,340.34,176.09,485.68,243.61,255.56,651.39,264.77,211.71,271.43,Wau,no,2.95,15.72,46.28,20
Oct-15,2015,10,297.2,300.48,522.26,389.21,197.71,474.22,176.99,164.76,114.71,290.38,164.81,231.6,310.53,288.2,302.79,333.88,203.93,193.97,287.57,277.78,793.47,322.91,259.72,263.96,Wau,no,2.95,17.5,46.96,24
Nov-15,2015,11,319.75,311.56,733.46,472.6,172.97,493.31,176.99,251.15,117.65,296.15,164.81,276.79,326.64,323.59,311.6,336.27,260.16,173.29,319.3,322.22,398.09,377.97,269.51,271.46,Wau,no,2.95,17.37,43.11,28
Dec-15,2015,12,367.27,360.48,749.52,874.39,163.03,578.09,176.99,241.11,170.59,320.67,164.81,282.04,317.43,374.55,357.27,391.89,293.25,240.81,367.39,466.67,446.41,387.88,317.67,279.44,Wau,no,10.80270806,19.02,36.57,30
Jan-16,2016,1,397.3,398.43,782.73,662.61,181.44,708.14,204.03,239.35,164.71,300.96,164.81,307.51,321.09,389.91,401.36,420.67,332.12,327.08,380.02,577.78,473.43,451.33,336.82,322.61,Wau,no,18.66799759,22.72,29.78,31
Feb-16,2016,2,477.52,500.23,774.44,830.2,223.63,822.94,184.92,235.46,197.06,309.62,164.81,287.05,442.61,439.94,500.21,562.46,376.16,382.72,376.98,588.89,430.83,593.08,394.55,474.53,Wau,no,21.60296692,31.65,31.03,31
Mar-16,2016,3,557.67,580.7,1014.09,907.06,277.69,972.97,184.92,240.1,226.47,560.58,164.81,372.58,445.19,522.75,585.18,721.87,411.83,384.09,510.16,555.56,423.46,659.21,447.68,498.77,Wau,no,32.24773065,38.07,37.34,31
Apr-16,2016,4,621.36,649.89,1053.67,1006.94,299.02,1003.89,260.55,401.34,250,599.04,164.81,391.59,523.01,570.31,650.16,821.44,467.94,445.25,504.61,533.33,405.18,707.76,510.23,550.78,Wau,no,31.89387458,32.82,40.75,38
May-16,2016,5,635.32,661.28,1123.63,1089.67,302.08,1002.21,260.55,376.24,202.94,621.54,164.81,438.08,524.45,576.73,661.37,792.54,498.37,418.35,520.02,666.67,612.43,766.29,438.18,833.99,Wau,no,32.32257097,35.98,45.94,51
Jun-16,2016,6,661.12,689.88,1189.33,1143.88,348.2,1007.64,260.55,359.18,247.06,634.62,164.81,417.28,592.76,648.19,685.24,791.66,459.07,457.87,629.13,888.89,479.48,726.24,692.71,901.34,Wau,no,38.572805,45.32,47.69,52
Jul-16,2016,7,1192.03,1332.99,1655.17,1780.75,552.45,1472.36,479.73,416.4,573.53,376.39,164.81,724.81,837.66,1051.61,1345.19,1887.42,687.78,608.14,826.9,1555.56,931.73,1219.77,1396.07,1292.38,Wau,no,45.03086452,58.15,44.13,65
Aug-16,2016,8,1519.16,1633.3,2676.68,2310.94,801.92,2258.33,378.86,1099.6,911.76,990.38,164.81,860.29,931.33,1424.77,1643.96,2347.9,937.52,776.59,1129.07,1555.56,304.87,1381.1,1645.04,2988.54,Wau,no,55.09406129,69.35,44.88,174
Sep-16,2016,9,1633.37,1654.46,3238.27,2512.27,1051.52,2352.92,1118.07,1087.05,1000,1045.19,164.81,1158.74,1270.68,1713.07,1646.56,2038.49,1050.31,809.51,1381.94,2111.11,774.71,1548.01,1888.79,3135.23,Wau,no,63.83336333,77.59,45.04,171
Oct-16,2016,10,1551,1508.63,3341.41,2462.87,1065.74,3032.82,820.94,1367.17,1029.41,1333.65,164.81,972.16,1203.9,1678.19,1487.58,1432.68,1016.84,751.77,1437.9,1555.56,726.93,2184.68,1492.98,3268.39,Wau,no,69.66025968,75.46,49.29,172.5
Nov-16,2016,11,1471.77,1484.35,2505.51,2686.15,822.82,2061.24,1066.02,1329.52,1235.29,1274.81,164.81,935.85,1301.32,1462.57,1484.68,1759.93,1024.51,639.63,1316.75,1444.44,2124.34,1586.19,1347.56,2652.42,Wau,no,72.63648167,83.47,45.26,106
Dec-16,2016,12,1574.06,1558.47,2962.93,3363.21,680.07,2742.14,594.85,1642.27,1205.88,1354.81,164.81,1094.67,1236.3,1615.55,1555.46,1660.18,1154.95,850.62,1588.19,1722.22,2795.73,1632.42,1702.86,2109.77,Wau,no,79.19553065,91.79,52.62,99
Jan-17,2017,1,1604.81,1562.47,3421.72,2904.99,646.25,2689.38,654.3,1692.46,1705.88,1606.97,164.81,1271.26,1373.33,1715.31,1549.97,1490.68,1324.43,951.95,1248.5,1833.33,2783.18,1743.19,1818.11,2147.47,Wau,no,87.54604839,103.19,53.59,232
Feb-17,2017,2,1890.14,1913.43,3632.07,2751.52,865.64,2918.81,664.43,2105.59,1676.47,1841.52,164.81,1386.42,1730.13,1879.45,1908.41,1780.64,1319.94,1022.75,1715.97,2000,2123.1,2920.51,1923.41,2137.99,Wau,no,98.17651786,117.53,54.35,320
Mar-17,2017,3,1938.14,1943.7,4123.83,2859.67,1019.2,3124.46,538.69,2005.2,1176.47,1702.16,164.81,1501.11,1780.69,1949.81,1943.06,2153.96,1511.55,1072.77,1692.2,2222.22,2202.55,2203.02,1963.17,2083.55,Wau,no,108.3376887,128.87,50.9,260
Apr-17,2017,4,2091.27,2125.91,3890.72,3148.91,1050.08,3350.19,726.72,1968.81,1441.18,1987.98,164.81,1606.4,1877.03,2048.62,2129.17,2347.81,1658.82,1125.51,1741.82,2222.22,4413.85,2310.22,1982.32,2262.63,Wau,no,112.0386867,154.44,52.16,150
May-17,2017,5,2625.73,2693.55,4631.31,3697.65,1391.89,4339.59,995.08,2020.26,1970.59,2363.8,865.82,1926.07,2196.35,2578.18,2696.27,2700.38,1901.13,1495.32,2717.87,3333.33,5679.13,3264.45,2729.21,2510.95,Wau,no,115.4969532,151.13,49.89,200
Jun-17,2017,6,2717.68,2734.42,5074.23,4009.07,1522.75,4649.05,950.64,2015.24,2882.35,2609.61,865.82,1983.92,2434.62,2774.09,2721.63,2518.97,1985.26,1911.52,2763.65,3777.78,4452.96,3516.6,2838.35,2423.26,Wau,no,116.4866433,153.42,46.17,150
Jul-17,2017,7,2809.57,2880.52,4630.33,4811.01,1821.8,3996.43,962.09,1980.1,2117.65,2632.69,865.82,2229.01,2523.92,2792.53,2861.6,2753.88,1935.11,2133.8,2761.09,3444.44,5081.93,3549.31,3001.46,2798.76,Wau,no,117.3527871,158.17,47.66,325
Aug-17,2017,8,3071.06,3130.95,5529.32,4770.18,1801.85,4744.82,990.25,2705.97,2117.65,2829.57,865.82,2407.54,2495.56,3136.89,3112.6,3076.71,2292.86,2871.47,2831.75,4444.44,5731.89,3264.84,3122.99,3088.59,Wau,no,117.6407274,167.75,49.94,374
Sep-17,2017,9,3414.07,3089.19,5649.03,4625.56,2908.1,5705.73,4215.64,2700.95,2441.18,2802.64,865.82,4568.41,2877.78,3779.09,3064.16,2077.59,3010.38,3214.14,5575.01,3444.44,5271.88,3963.17,3290.12,2776.81,Wau,no,117.85697,181.8,52.95,422
Oct-17,2017,10,3381.33,3125.29,5593.71,4942.97,3141.06,6839.49,3130.77,3425.83,2705.88,3392.73,865.82,2839.95,3076.52,3824.52,3096.69,2208.09,3199.32,3336.49,3247.44,3444.44,7417.26,3691.46,3309.27,3658.67,Wau,no,121.3273419,179.54,54.92,275
Nov-17,2017,11,3522.91,3244.4,4969.72,5423.85,3112.29,7194.73,3295.36,2781.26,3882.35,3179.42,865.82,3643.17,3217.18,3904.18,3221.2,2551.52,3814.02,4759.31,3244.47,3444.44,3689.02,3342.63,2836.89,3659.69,Wau,no,124.6254733,184.59,59.93,351
Dec-17,2017,12,3690.22,3429.49,5426.59,6305.06,2448.95,7891.49,2838.29,3356.55,4411.76,3503.31,865.82,3586.76,3214.91,4062.39,3410.24,2816.62,4072.07,4049.59,5973.01,5555.56,3409.51,3289.04,2692.2,4041.51,Wau,no,126.8591839,189.82,61.19,350
Jan-18,2018,1,3998.44,3778.58,5151.44,6791.31,2696.43,9064.08,2957.38,3326.44,4411.76,3498.5,865.82,3589.47,3514.45,4556.64,3759.86,3582.74,4153.98,3411.87,5371.65,6111.11,3694.24,3743.47,2981.58,4025.12,Wau,no,130.1997113,207.66,66.23,422
Feb-18,2018,2,3650.29,3358.87,5780.67,6920.63,1863.83,6139.85,2980.99,4032.26,4117.65,3772.26,865.82,4207.29,3903.06,4220.66,3336.83,2821.6,3777.89,3528.4,3447.29,3666.67,3453.85,3830.23,3319.2,3446.99,Wau,no,131.7857607,238.34,63.46,333
Mar-18,2018,3,5474.91,3313.26,58706.44,5841.68,2286.52,6123.2,3007.51,3326.44,3470.59,4287.1,865.82,3646.24,3610.7,7923.95,3290.6,2716.45,3881.99,3441.62,3627.78,4111.11,3676.71,3777.24,3078.05,3247.84,Wau,no,132.9339565,242.29,64.17,290
Apr-18,2018,4,5745.28,4816.82,32472.43,7402.29,1670.95,7581.8,3764.56,3324.1,4444.79,5642.41,865.82,4879.9,4207.65,6961.68,4816.76,4798.2,5973.39,4829.08,10887.53,4444.44,4474.72,3794.85,3846.27,3774.82,Wau,no,135.0117833,274.95,68.79,375
May-18,2018,5,7004.02,5925.31,35069.69,8757.99,4202.51,9489.35,4121.78,6634.54,5000,4605.11,865.82,6060.63,5389.85,7934.01,5929.37,7210.62,6243.9,5264.46,4290.01,5555.56,6785.51,4646.41,4719.38,4561.3,Wau,no,137.2260839,305.24,73.43,482
Jun-18,2018,6,6424.77,5407.02,27123.2,9170.04,4087.39,10409.13,4577.43,6584.35,5441.18,4580.33,865.82,5878.02,5334.89,7843.41,5361.34,4356.03,6378.29,6090.7,4745.16,5555.56,12658.6,5109.09,5485.97,6065.75,Wau,no,138.8587883,312.21,71.98,428
Jul-18,2018,7,5891.84,5550.49,7384.42,8828.4,3611.23,7017.49,4575.11,5233,4470.59,6733.59,865.82,11203.59,4632.41,6519.59,5552.13,4701.25,6510.92,6302.65,4292.21,4444.44,14100,6241.05,3846.83,4558.5,Wau,no,141.1822,236.31,72.67,395
Aug-18,2018,8,5472.51,5306.15,6993.69,7739.16,3736.4,7650.72,4295.83,5233,3970.59,6768.13,865.82,7455.93,4591.01,5880.22,5300.39,4179.41,5376.44,5142.63,5442.5,4333.33,15062.05,6489.45,4183.72,7197.62,Wau,no,145.8432855,216.42,71.08,375
Sep-18,2018,9,5345.74,5060.96,7210.42,8250.08,3804.52,8301.89,4588.34,5248.06,4558.82,6272.42,865.82,6801.66,4822.2,5816.28,5030.92,3601.39,5057.49,5086.37,4967.55,4333.33,12277.32,7158.97,3942.56,5875.89,Wau,no,149.1517633,211.78,75.36,320
Oct-18,2018,10,5151.81,4561.78,7471.08,17536.64,3422.02,6958.74,4507.11,5233,4411.76,6122.28,865.82,6659.53,4085.81,5864.53,4501.09,3012.25,5896.04,5840.49,5729.48,3333.33,8226.48,5477.89,3557.44,5841.2,Wau,no,149.8206226,213.26,76.73,300
Nov-18,2018,11,5339.34,4898.85,6104.17,17051.79,3046.34,6583.82,5155.7,5177.79,3882.35,6396.35,865.82,7024.01,4556.01,6112.74,4900.63,3994.72,6277.78,5968.73,6316.36,3333.33,8692.46,5234.72,3460.98,6028.78,Wau,no,151.2975333,235.47,62.32,298
Dec-18,2018,12,5520.34,4815.06,6466.34,17952.12,2976.51,8616.58,4789.49,5241.78,4558.82,5513.46,865.82,8948.22,4954.42,6728.42,4792.96,3703.68,6072.25,4601.65,4663.96,3777.78,8319.98,6125.11,3556.71,7531.34,Wau,no,153.3218355,247.97,53.96,327
